first_name,last_name,email,availability
Ruth,Day,RuthDay@email.com,"['6:00-7:00pm F', '8:00-9:00pm T', '7:00-8:00pm M']"
William,Gallegos,WilliamGallegos@email.com,"['5:00-6:00pm F', '7:00-8:00pm F', '6:00-7:00pm Th']"
Randy,Timm,RandyTimm@email.com,"['3:00-4:00pm Sun', '7:00-8:00pm F', '5:00-6:00pm Th', '6:00-7:00pm Sun', '6:00-7:00pm F']"
Eric,Raby,EricRaby@email.com,"['7:00-8:00pm F', '6:00-7:00pm Sun', '8:00-9:00pm F']"
Alecia,Wilcox,AleciaWilcox@email.com,"['5:00-6:00pm Sun', '8:00-9:00pm W', '5:00-6:00pm Th', '8:00-9:00pm Sun', '8:00-9:00pm T', '5:00-6:00pm T']"
Keith,Lanzi,KeithLanzi@email.com,"['8:00-9:00pm M', '6:00-7:00pm Th', '5:00-6:00pm W']"
Clair,Harris,ClairHarris@email.com,"['7:00-8:00pm W', '5:00-6:00pm W', '7:00-8:00pm F', '8:00-9:00pm W', '6:00-7:00pm T', '8:00-9:00pm F']"
Harold,Alberts,HaroldAlberts@email.com,"['5:00-6:00pm M', '8:00-9:00pm M', '6:00-7:00pm M', '8:00-9:00pm T']"
Mary,Christman,MaryChristman@email.com,"['7:00-8:00pm F', '6:00-7:00pm F', '8:00-9:00pm Sun', '7:00-8:00pm W']"
Richard,Conner,RichardConner@email.com,"['6:00-7:00pm Th', '8:00-9:00pm Th', '7:00-8:00pm Th', '7:00-8:00pm T']"
Thomas,Brown,ThomasBrown@email.com,"['7:00-8:00pm F', '6:00-7:00pm F', '5:00-6:00pm Th', '3:00-4:00pm Sun']"
Jorge,Reed,JorgeReed@email.com,"['5:00-6:00pm T', '7:00-8:00pm T', '8:00-9:00pm T', '6:00-7:00pm Th']"
Trina,Gammon,TrinaGammon@email.com,"['5:00-6:00pm T', '6:00-7:00pm M', '7:00-8:00pm M', '8:00-9:00pm M']"
Taylor,Mccoy,TaylorMccoy@email.com,"['7:00-8:00pm Th', '6:00-7:00pm F', '6:00-7:00pm M']"
Roy,Firth,RoyFirth@email.com,"['7:00-8:00pm Sun', '8:00-9:00pm F', '7:00-8:00pm F', '6:00-7:00pm M', '6:00-7:00pm T']"
Patricia,Bowman,PatriciaBowman@email.com,"['8:00-9:00pm Th', '8:00-9:00pm T', '7:00-8:00pm Sun', '7:00-8:00pm T']"
Brian,Hoffman,BrianHoffman@email.com,"['8:00-9:00pm F', '6:00-7:00pm W', '3:00-4:00pm Sun', '6:00-7:00pm F', '8:00-9:00pm Sun']"
Henry,Smith,HenrySmith@email.com,"['6:00-7:00pm T', '8:00-9:00pm T', '7:00-8:00pm M']"
Matthew,Brodie,MatthewBrodie@email.com,"['5:00-6:00pm T', '6:00-7:00pm F', '4:00-5:00pm Sun', '6:00-7:00pm Sun']"
David,Trujillo,DavidTrujillo@email.com,"['5:00-6:00pm Th', '7:00-8:00pm F', '6:00-7:00pm Sun', '8:00-9:00pm Th', '5:00-6:00pm T']"
Kori,Ratliff,KoriRatliff@email.com,"['7:00-8:00pm T', '8:00-9:00pm T', '6:00-7:00pm Sun', '8:00-9:00pm Th', '8:00-9:00pm M']"
Walter,Albers,WalterAlbers@email.com,"['3:00-4:00pm Sun', '5:00-6:00pm T', '5:00-6:00pm M', '7:00-8:00pm M', '8:00-9:00pm F']"
Lee,Shelton,LeeShelton@email.com,"['6:00-7:00pm Sun', '5:00-6:00pm W', '5:00-6:00pm Sun']"
Caitlin,Bangert,CaitlinBangert@email.com,"['6:00-7:00pm T', '5:00-6:00pm M', '6:00-7:00pm F', '5:00-6:00pm Sun', '8:00-9:00pm Sun']"
Kelly,Widmer,KellyWidmer@email.com,"['4:00-5:00pm Sun', '6:00-7:00pm T', '5:00-6:00pm F', '5:00-6:00pm W', '7:00-8:00pm Sun']"
Katie,Lowe,KatieLowe@email.com,"['6:00-7:00pm F', '6:00-7:00pm T', '5:00-6:00pm F']"
Barry,Wright,BarryWright@email.com,"['8:00-9:00pm F', '7:00-8:00pm W', '7:00-8:00pm M']"
Edgar,Sparks,EdgarSparks@email.com,"['5:00-6:00pm M', '8:00-9:00pm W', '8:00-9:00pm T', '7:00-8:00pm M', '7:00-8:00pm Th']"
Mark,Ehrhart,MarkEhrhart@email.com,"['8:00-9:00pm Sun', '3:00-4:00pm Sun', '6:00-7:00pm T', '5:00-6:00pm W', '8:00-9:00pm W']"
Lucille,Jakeman,LucilleJakeman@email.com,"['5:00-6:00pm M', '4:00-5:00pm Sun', '7:00-8:00pm W', '6:00-7:00pm W', '8:00-9:00pm M', '6:00-7:00pm T']"
Philip,Larsen,PhilipLarsen@email.com,"['5:00-6:00pm Th', '8:00-9:00pm W', '5:00-6:00pm F', '6:00-7:00pm Sun']"
Tonya,Loudy,TonyaLoudy@email.com,"['7:00-8:00pm M', '7:00-8:00pm W', '7:00-8:00pm F', '7:00-8:00pm Sun', '3:00-4:00pm Sun']"
Susan,Hollis,SusanHollis@email.com,"['5:00-6:00pm W', '6:00-7:00pm M', '5:00-6:00pm Sun', '6:00-7:00pm T']"
Bradley,Riley,BradleyRiley@email.com,"['5:00-6:00pm M', '5:00-6:00pm T', '3:00-4:00pm Sun', '7:00-8:00pm F', '6:00-7:00pm T', '7:00-8:00pm W']"
Chris,Oropesa,ChrisOropesa@email.com,"['6:00-7:00pm W', '5:00-6:00pm Sun', '7:00-8:00pm T', '6:00-7:00pm Sun', '8:00-9:00pm T']"
Sharon,Scott,SharonScott@email.com,"['5:00-6:00pm T', '7:00-8:00pm Sun', '5:00-6:00pm F', '7:00-8:00pm F']"
Duane,Luera,DuaneLuera@email.com,"['6:00-7:00pm Th', '4:00-5:00pm Sun', '5:00-6:00pm M']"
Margaret,Farmer,MargaretFarmer@email.com,"['7:00-8:00pm Sun', '8:00-9:00pm T', '5:00-6:00pm W', '5:00-6:00pm F']"
Barbara,Darling,BarbaraDarling@email.com,"['7:00-8:00pm T', '8:00-9:00pm T', '5:00-6:00pm T', '7:00-8:00pm Sun', '5:00-6:00pm Sun', '6:00-7:00pm W']"
Paul,Sanders,PaulSanders@email.com,"['8:00-9:00pm T', '6:00-7:00pm W', '6:00-7:00pm Sun']"
Bradley,Walker,BradleyWalker@email.com,"['6:00-7:00pm F', '7:00-8:00pm M', '7:00-8:00pm Th', '7:00-8:00pm Sun', '6:00-7:00pm M', '6:00-7:00pm Sun']"
Anthony,Hernandez,AnthonyHernandez@email.com,"['6:00-7:00pm Sun', '7:00-8:00pm F', '5:00-6:00pm M', '5:00-6:00pm Sun', '5:00-6:00pm T']"
Adolfo,Doyle,AdolfoDoyle@email.com,"['7:00-8:00pm M', '6:00-7:00pm T', '6:00-7:00pm M', '7:00-8:00pm T', '5:00-6:00pm T', '8:00-9:00pm T']"
Irene,Keagle,IreneKeagle@email.com,"['6:00-7:00pm F', '8:00-9:00pm Sun', '8:00-9:00pm F', '5:00-6:00pm M', '7:00-8:00pm Sun']"
Amanda,Irvin,AmandaIrvin@email.com,"['6:00-7:00pm Sun', '6:00-7:00pm M', '7:00-8:00pm Th', '6:00-7:00pm W']"
Theda,Villegas,ThedaVillegas@email.com,"['6:00-7:00pm W', '6:00-7:00pm M', '5:00-6:00pm Sun', '6:00-7:00pm F', '7:00-8:00pm W']"
Edward,Hobby,EdwardHobby@email.com,"['6:00-7:00pm T', '7:00-8:00pm M', '8:00-9:00pm F']"
Charles,Blount,CharlesBlount@email.com,"['5:00-6:00pm F', '6:00-7:00pm W', '7:00-8:00pm F']"
Mark,Young,MarkYoung@email.com,"['5:00-6:00pm Sun', '5:00-6:00pm W', '7:00-8:00pm W', '8:00-9:00pm Th', '3:00-4:00pm Sun']"
Lillian,Nelson,LillianNelson@email.com,"['7:00-8:00pm T', '7:00-8:00pm Th', '6:00-7:00pm W', '6:00-7:00pm T']"
Lester,White,LesterWhite@email.com,"['7:00-8:00pm T', '5:00-6:00pm M', '7:00-8:00pm Sun', '6:00-7:00pm M', '3:00-4:00pm Sun']"
Sarah,Hix,SarahHix@email.com,"['6:00-7:00pm M', '8:00-9:00pm Sun', '5:00-6:00pm T', '4:00-5:00pm Sun', '6:00-7:00pm T', '7:00-8:00pm W']"
Clare,Torres,ClareTorres@email.com,"['7:00-8:00pm T', '6:00-7:00pm F', '8:00-9:00pm W']"
Anne,Bell,AnneBell@email.com,"['8:00-9:00pm T', '7:00-8:00pm T', '7:00-8:00pm W', '6:00-7:00pm M']"
Vernon,King,VernonKing@email.com,"['5:00-6:00pm F', '6:00-7:00pm Sun', '8:00-9:00pm F', '8:00-9:00pm T', '3:00-4:00pm Sun', '7:00-8:00pm Th']"
James,Delgado,JamesDelgado@email.com,"['5:00-6:00pm W', '5:00-6:00pm Sun', '7:00-8:00pm Sun', '8:00-9:00pm Sun', '6:00-7:00pm T', '8:00-9:00pm W']"
Scott,Weathers,ScottWeathers@email.com,"['5:00-6:00pm M', '7:00-8:00pm Th', '5:00-6:00pm Th', '5:00-6:00pm T']"
Williams,Koss,WilliamsKoss@email.com,"['7:00-8:00pm F', '5:00-6:00pm M', '5:00-6:00pm Sun', '8:00-9:00pm M', '7:00-8:00pm Th']"
Brenda,Herrera,BrendaHerrera@email.com,"['6:00-7:00pm T', '7:00-8:00pm M', '8:00-9:00pm F', '8:00-9:00pm W', '6:00-7:00pm Sun', '5:00-6:00pm W']"
Marietta,London,MariettaLondon@email.com,"['5:00-6:00pm Th', '6:00-7:00pm F', '8:00-9:00pm Sun', '6:00-7:00pm Sun', '5:00-6:00pm F']"
Juanita,Scroggin,JuanitaScroggin@email.com,"['6:00-7:00pm Th', '6:00-7:00pm Sun', '5:00-6:00pm M', '5:00-6:00pm F', '5:00-6:00pm Th']"
Merrill,Youngblood,MerrillYoungblood@email.com,"['6:00-7:00pm Th', '5:00-6:00pm Th', '6:00-7:00pm Sun']"
Steven,House,StevenHouse@email.com,"['5:00-6:00pm F', '7:00-8:00pm T', '7:00-8:00pm Sun']"
Stephanie,Hong,StephanieHong@email.com,"['5:00-6:00pm F', '7:00-8:00pm W', '7:00-8:00pm T']"
Winston,Wagner,WinstonWagner@email.com,"['8:00-9:00pm W', '5:00-6:00pm W', '6:00-7:00pm Th', '8:00-9:00pm Sun']"
Deborah,Robinson,DeborahRobinson@email.com,"['7:00-8:00pm T', '5:00-6:00pm Sun', '6:00-7:00pm Sun', '8:00-9:00pm M', '7:00-8:00pm Th', '5:00-6:00pm T']"
William,Kemmerer,WilliamKemmerer@email.com,"['5:00-6:00pm F', '8:00-9:00pm Th', '6:00-7:00pm Sun']"
Charles,Wilson,CharlesWilson@email.com,"['6:00-7:00pm W', '6:00-7:00pm Th', '6:00-7:00pm F', '8:00-9:00pm F', '5:00-6:00pm F', '8:00-9:00pm Th']"
James,Evans,JamesEvans@email.com,"['6:00-7:00pm M', '5:00-6:00pm M', '6:00-7:00pm F', '5:00-6:00pm Sun', '7:00-8:00pm W', '8:00-9:00pm T']"
Rita,Thomas,RitaThomas@email.com,"['7:00-8:00pm M', '8:00-9:00pm T', '5:00-6:00pm F', '6:00-7:00pm Th']"
Jacob,Weir,JacobWeir@email.com,"['8:00-9:00pm Sun', '4:00-5:00pm Sun', '5:00-6:00pm T', '6:00-7:00pm M', '7:00-8:00pm Sun', '8:00-9:00pm Th']"
Bennie,Chappell,BennieChappell@email.com,"['6:00-7:00pm T', '6:00-7:00pm Sun', '8:00-9:00pm Sun']"
Ty,Quirk,TyQuirk@email.com,"['6:00-7:00pm M', '8:00-9:00pm T', '8:00-9:00pm M']"
Lorri,Haley,LorriHaley@email.com,"['6:00-7:00pm T', '5:00-6:00pm Sun', '8:00-9:00pm F', '6:00-7:00pm F']"
Sharon,Monzon,SharonMonzon@email.com,"['8:00-9:00pm M', '6:00-7:00pm W', '8:00-9:00pm W', '7:00-8:00pm M', '8:00-9:00pm Sun']"
Gary,English,GaryEnglish@email.com,"['6:00-7:00pm T', '5:00-6:00pm Th', '5:00-6:00pm M']"
Joann,Lemieux,JoannLemieux@email.com,"['8:00-9:00pm F', '7:00-8:00pm F', '7:00-8:00pm M', '7:00-8:00pm Sun', '8:00-9:00pm T', '7:00-8:00pm T']"
Gerard,Anwar,GerardAnwar@email.com,"['8:00-9:00pm Sun', '7:00-8:00pm Sun', '6:00-7:00pm Th', '4:00-5:00pm Sun']"
Caryn,Hawkins,CarynHawkins@email.com,"['6:00-7:00pm T', '5:00-6:00pm F', '8:00-9:00pm Th', '5:00-6:00pm T']"
Robert,Gorham,RobertGorham@email.com,"['6:00-7:00pm F', '7:00-8:00pm Th', '6:00-7:00pm W', '7:00-8:00pm W']"
Frank,Richards,FrankRichards@email.com,"['6:00-7:00pm M', '7:00-8:00pm Th', '4:00-5:00pm Sun', '8:00-9:00pm M', '7:00-8:00pm W']"
Saundra,Smith,SaundraSmith@email.com,"['3:00-4:00pm Sun', '7:00-8:00pm Th', '7:00-8:00pm T']"
Elliott,Garcia,ElliottGarcia@email.com,"['7:00-8:00pm W', '7:00-8:00pm Sun', '5:00-6:00pm M', '5:00-6:00pm T', '7:00-8:00pm T', '4:00-5:00pm Sun']"
Pamella,Robinson,PamellaRobinson@email.com,"['8:00-9:00pm F', '7:00-8:00pm M', '4:00-5:00pm Sun']"
Eleanor,Newman,EleanorNewman@email.com,"['6:00-7:00pm W', '3:00-4:00pm Sun', '5:00-6:00pm Sun', '7:00-8:00pm W']"
Randal,Thompson,RandalThompson@email.com,"['3:00-4:00pm Sun', '5:00-6:00pm Sun', '5:00-6:00pm Th']"
Phoebe,Weaver,PhoebeWeaver@email.com,"['8:00-9:00pm W', '5:00-6:00pm F', '7:00-8:00pm F', '5:00-6:00pm W', '6:00-7:00pm W', '8:00-9:00pm Sun']"
Oscar,Serbus,OscarSerbus@email.com,"['6:00-7:00pm Sun', '5:00-6:00pm M', '8:00-9:00pm T', '6:00-7:00pm F']"
Julie,Crawford,JulieCrawford@email.com,"['6:00-7:00pm F', '4:00-5:00pm Sun', '7:00-8:00pm W', '8:00-9:00pm T', '7:00-8:00pm M', '5:00-6:00pm W']"
Christine,Walters,ChristineWalters@email.com,"['5:00-6:00pm F', '6:00-7:00pm F', '7:00-8:00pm M', '8:00-9:00pm W', '7:00-8:00pm T']"
Katie,Migl,KatieMigl@email.com,"['5:00-6:00pm F', '4:00-5:00pm Sun', '7:00-8:00pm Th', '8:00-9:00pm T']"
Rudolph,Wohlenhaus,RudolphWohlenhaus@email.com,"['8:00-9:00pm M', '6:00-7:00pm Sun', '6:00-7:00pm W']"
Jeffrey,Lacasse,JeffreyLacasse@email.com,"['5:00-6:00pm Th', '3:00-4:00pm Sun', '7:00-8:00pm M', '5:00-6:00pm F', '8:00-9:00pm M', '6:00-7:00pm W']"
Dolores,Carnes,DoloresCarnes@email.com,"['7:00-8:00pm W', '6:00-7:00pm M', '5:00-6:00pm M', '7:00-8:00pm M', '5:00-6:00pm F', '5:00-6:00pm T']"
Hal,Mccarron,HalMccarron@email.com,"['7:00-8:00pm T', '7:00-8:00pm W', '5:00-6:00pm Sun']"
Jimmy,Knowles,JimmyKnowles@email.com,"['5:00-6:00pm Sun', '5:00-6:00pm T', '4:00-5:00pm Sun', '7:00-8:00pm M']"
Irene,Peterson,IrenePeterson@email.com,"['5:00-6:00pm W', '7:00-8:00pm M', '7:00-8:00pm F', '6:00-7:00pm M', '6:00-7:00pm Th', '6:00-7:00pm W']"
Robert,Hernandez,RobertHernandez@email.com,"['8:00-9:00pm W', '8:00-9:00pm Th', '6:00-7:00pm M', '7:00-8:00pm Sun', '7:00-8:00pm F', '8:00-9:00pm T']"
Felipe,Norman,FelipeNorman@email.com,"['7:00-8:00pm Sun', '8:00-9:00pm Sun', '8:00-9:00pm W', '6:00-7:00pm Sun', '6:00-7:00pm Th']"
George,Lawhon,GeorgeLawhon@email.com,"['5:00-6:00pm Th', '6:00-7:00pm T', '6:00-7:00pm Sun', '7:00-8:00pm Th']"
Humberto,Cantey,HumbertoCantey@email.com,"['8:00-9:00pm Sun', '8:00-9:00pm M', '6:00-7:00pm Sun', '6:00-7:00pm Th']"
Cynthia,Miller,CynthiaMiller@email.com,"['8:00-9:00pm T', '7:00-8:00pm F', '6:00-7:00pm Th', '4:00-5:00pm Sun', '7:00-8:00pm W']"
Stephanie,Fulmore,StephanieFulmore@email.com,"['3:00-4:00pm Sun', '5:00-6:00pm W', '8:00-9:00pm Sun', '7:00-8:00pm M', '6:00-7:00pm Th', '6:00-7:00pm F']"
Norma,Love,NormaLove@email.com,"['7:00-8:00pm T', '6:00-7:00pm T', '7:00-8:00pm F', '6:00-7:00pm Th', '5:00-6:00pm F']"
Robert,Hylton,RobertHylton@email.com,"['7:00-8:00pm W', '7:00-8:00pm Th', '8:00-9:00pm Th']"
Edward,Haskins,EdwardHaskins@email.com,"['5:00-6:00pm Th', '6:00-7:00pm Th', '3:00-4:00pm Sun']"
Donald,Schleusner,DonaldSchleusner@email.com,"['7:00-8:00pm W', '4:00-5:00pm Sun', '7:00-8:00pm Th']"
Pauline,Williams,PaulineWilliams@email.com,"['4:00-5:00pm Sun', '7:00-8:00pm Sun', '7:00-8:00pm T', '7:00-8:00pm F', '8:00-9:00pm F', '6:00-7:00pm W']"
Violet,Harris,VioletHarris@email.com,"['8:00-9:00pm F', '7:00-8:00pm T', '7:00-8:00pm M', '8:00-9:00pm M']"
Mark,Buckhalter,MarkBuckhalter@email.com,"['8:00-9:00pm M', '8:00-9:00pm F', '6:00-7:00pm T']"
Daniel,Strange,DanielStrange@email.com,"['4:00-5:00pm Sun', '5:00-6:00pm T', '5:00-6:00pm Th', '5:00-6:00pm W']"
Richard,Thorpe,RichardThorpe@email.com,"['6:00-7:00pm F', '6:00-7:00pm Th', '7:00-8:00pm F', '5:00-6:00pm M', '4:00-5:00pm Sun', '5:00-6:00pm F']"
Edward,Wilson,EdwardWilson@email.com,"['6:00-7:00pm F', '5:00-6:00pm W', '8:00-9:00pm M', '3:00-4:00pm Sun']"
Gerald,Dunn,GeraldDunn@email.com,"['5:00-6:00pm T', '8:00-9:00pm W', '7:00-8:00pm W', '7:00-8:00pm M']"
Harold,Watson,HaroldWatson@email.com,"['6:00-7:00pm Sun', '5:00-6:00pm Th', '7:00-8:00pm F', '7:00-8:00pm Sun', '7:00-8:00pm W']"
Thomas,Butler,ThomasButler@email.com,"['6:00-7:00pm M', '6:00-7:00pm F', '5:00-6:00pm Sun']"
Tobias,Trump,TobiasTrump@email.com,"['7:00-8:00pm F', '6:00-7:00pm Th', '5:00-6:00pm M', '5:00-6:00pm T', '5:00-6:00pm F']"
Norma,Doody,NormaDoody@email.com,"['7:00-8:00pm Th', '8:00-9:00pm Sun', '5:00-6:00pm Sun']"
Isabella,Smith,IsabellaSmith@email.com,"['8:00-9:00pm F', '8:00-9:00pm Th', '6:00-7:00pm Sun', '7:00-8:00pm W', '5:00-6:00pm Sun']"
Lisa,Gamino,LisaGamino@email.com,"['8:00-9:00pm F', '6:00-7:00pm W', '5:00-6:00pm Th', '5:00-6:00pm F']"
Margaret,Holleran,MargaretHolleran@email.com,"['6:00-7:00pm F', '5:00-6:00pm W', '5:00-6:00pm T', '7:00-8:00pm M', '6:00-7:00pm T', '4:00-5:00pm Sun']"
Kelly,Baker,KellyBaker@email.com,"['6:00-7:00pm T', '8:00-9:00pm F', '3:00-4:00pm Sun', '5:00-6:00pm F']"
Richard,Smith,RichardSmith@email.com,"['8:00-9:00pm M', '3:00-4:00pm Sun', '5:00-6:00pm W', '5:00-6:00pm F', '7:00-8:00pm F']"
Stephen,Mouton,StephenMouton@email.com,"['5:00-6:00pm W', '8:00-9:00pm T', '5:00-6:00pm Th']"
Lee,Willie,LeeWillie@email.com,"['7:00-8:00pm T', '5:00-6:00pm T', '7:00-8:00pm M', '6:00-7:00pm F', '7:00-8:00pm Sun', '5:00-6:00pm Sun']"
James,Lewis,JamesLewis@email.com,"['5:00-6:00pm F', '8:00-9:00pm Sun', '6:00-7:00pm Th']"
Carolyn,Tisby,CarolynTisby@email.com,"['7:00-8:00pm Sun', '5:00-6:00pm W', '8:00-9:00pm Th', '5:00-6:00pm M', '8:00-9:00pm M']"
Stephen,Huston,StephenHuston@email.com,"['7:00-8:00pm Sun', '7:00-8:00pm W', '5:00-6:00pm T', '6:00-7:00pm F']"
Denise,Benton,DeniseBenton@email.com,"['7:00-8:00pm W', '8:00-9:00pm Sun', '6:00-7:00pm Sun', '6:00-7:00pm M', '8:00-9:00pm F', '5:00-6:00pm T']"
Kathy,Budd,KathyBudd@email.com,"['8:00-9:00pm Sun', '8:00-9:00pm W', '6:00-7:00pm Sun', '8:00-9:00pm M']"
Joy,Reid,JoyReid@email.com,"['5:00-6:00pm T', '5:00-6:00pm W', '7:00-8:00pm M', '7:00-8:00pm T', '8:00-9:00pm F']"
Joan,Hirkaler,JoanHirkaler@email.com,"['7:00-8:00pm Th', '6:00-7:00pm F', '7:00-8:00pm Sun']"
Adam,Breeden,AdamBreeden@email.com,"['6:00-7:00pm W', '5:00-6:00pm T', '6:00-7:00pm Sun', '8:00-9:00pm M', '6:00-7:00pm Th']"
Monica,Melville,MonicaMelville@email.com,"['7:00-8:00pm W', '7:00-8:00pm F', '6:00-7:00pm Th', '6:00-7:00pm W', '5:00-6:00pm F', '7:00-8:00pm Th']"
David,Littleton,DavidLittleton@email.com,"['8:00-9:00pm Th', '5:00-6:00pm Th', '7:00-8:00pm F', '6:00-7:00pm Th', '8:00-9:00pm Sun']"
Todd,Horstmann,ToddHorstmann@email.com,"['5:00-6:00pm M', '5:00-6:00pm T', '6:00-7:00pm Sun']"
Lisa,Brown,LisaBrown@email.com,"['3:00-4:00pm Sun', '7:00-8:00pm T', '6:00-7:00pm W', '7:00-8:00pm M', '6:00-7:00pm Sun']"
Christopher,Coldiron,ChristopherColdiron@email.com,"['7:00-8:00pm M', '6:00-7:00pm Th', '7:00-8:00pm Th']"
Emily,Loeffler,EmilyLoeffler@email.com,"['5:00-6:00pm Th', '8:00-9:00pm Th', '7:00-8:00pm F', '3:00-4:00pm Sun', '7:00-8:00pm Sun', '5:00-6:00pm Sun']"
Larry,Johnson,LarryJohnson@email.com,"['4:00-5:00pm Sun', '7:00-8:00pm Sun', '5:00-6:00pm W', '5:00-6:00pm Sun', '6:00-7:00pm W']"
Erica,Rutz,EricaRutz@email.com,"['7:00-8:00pm Sun', '8:00-9:00pm W', '8:00-9:00pm Th', '6:00-7:00pm Sun', '8:00-9:00pm T', '4:00-5:00pm Sun']"
Paula,Ta,PaulaTa@email.com,"['5:00-6:00pm T', '5:00-6:00pm M', '8:00-9:00pm Th']"
Melissa,Brown,MelissaBrown@email.com,"['8:00-9:00pm M', '6:00-7:00pm Th', '7:00-8:00pm Sun', '5:00-6:00pm M', '7:00-8:00pm M', '7:00-8:00pm W']"
Jay,Redenius,JayRedenius@email.com,"['8:00-9:00pm F', '6:00-7:00pm Th', '3:00-4:00pm Sun', '5:00-6:00pm M']"
James,Vegetabile,JamesVegetabile@email.com,"['6:00-7:00pm F', '7:00-8:00pm Sun', '6:00-7:00pm Sun']"
Elisha,Simmons,ElishaSimmons@email.com,"['4:00-5:00pm Sun', '6:00-7:00pm T', '5:00-6:00pm Th', '8:00-9:00pm Th']"
Aaron,Campbell,AaronCampbell@email.com,"['5:00-6:00pm F', '7:00-8:00pm Sun', '8:00-9:00pm W', '5:00-6:00pm Sun', '7:00-8:00pm Th']"
Amanda,Haywood,AmandaHaywood@email.com,"['5:00-6:00pm T', '7:00-8:00pm Th', '7:00-8:00pm W', '6:00-7:00pm Sun', '6:00-7:00pm Th', '7:00-8:00pm Sun']"
Ruth,Bose,RuthBose@email.com,"['5:00-6:00pm Th', '7:00-8:00pm M', '7:00-8:00pm Th', '7:00-8:00pm T', '7:00-8:00pm W']"
Desirae,Brewer,DesiraeBrewer@email.com,"['8:00-9:00pm F', '5:00-6:00pm Th', '7:00-8:00pm M', '5:00-6:00pm W', '8:00-9:00pm T']"
Frank,Johnson,FrankJohnson@email.com,"['7:00-8:00pm Sun', '6:00-7:00pm Th', '3:00-4:00pm Sun']"
Arline,Berry,ArlineBerry@email.com,"['4:00-5:00pm Sun', '7:00-8:00pm T', '5:00-6:00pm Sun', '6:00-7:00pm Th', '6:00-7:00pm F', '5:00-6:00pm F']"
Seth,Wallace,SethWallace@email.com,"['8:00-9:00pm Th', '7:00-8:00pm W', '5:00-6:00pm Th', '6:00-7:00pm Sun', '6:00-7:00pm Th', '7:00-8:00pm Th']"
Jennifer,Mcmorris,JenniferMcmorris@email.com,"['6:00-7:00pm M', '8:00-9:00pm W', '6:00-7:00pm F', '5:00-6:00pm Th', '6:00-7:00pm Th']"
Micheal,Bowlin,MichealBowlin@email.com,"['7:00-8:00pm F', '8:00-9:00pm F', '5:00-6:00pm W', '4:00-5:00pm Sun']"
Dan,Navarro,DanNavarro@email.com,"['7:00-8:00pm T', '5:00-6:00pm W', '8:00-9:00pm Th', '6:00-7:00pm Th']"
Roberto,Swanson,RobertoSwanson@email.com,"['8:00-9:00pm Sun', '5:00-6:00pm Th', '5:00-6:00pm F', '5:00-6:00pm M']"
Cathleen,Brunkhorst,CathleenBrunkhorst@email.com,"['5:00-6:00pm T', '8:00-9:00pm W', '7:00-8:00pm Th', '8:00-9:00pm Sun', '6:00-7:00pm M']"
Dale,Gordon,DaleGordon@email.com,"['4:00-5:00pm Sun', '3:00-4:00pm Sun', '8:00-9:00pm T', '8:00-9:00pm Sun', '5:00-6:00pm W', '8:00-9:00pm Th']"
Whitney,House,WhitneyHouse@email.com,"['7:00-8:00pm Th', '6:00-7:00pm F', '7:00-8:00pm M', '5:00-6:00pm F', '3:00-4:00pm Sun', '8:00-9:00pm M']"
Josefina,Felt,JosefinaFelt@email.com,"['4:00-5:00pm Sun', '5:00-6:00pm T', '8:00-9:00pm Th', '6:00-7:00pm M', '5:00-6:00pm Sun', '6:00-7:00pm Sun']"
Marjorie,Gibbons,MarjorieGibbons@email.com,"['6:00-7:00pm W', '7:00-8:00pm Th', '7:00-8:00pm W']"
Kent,Evans,KentEvans@email.com,"['7:00-8:00pm T', '4:00-5:00pm Sun', '5:00-6:00pm M', '8:00-9:00pm M']"
John,Maddox,JohnMaddox@email.com,"['7:00-8:00pm M', '5:00-6:00pm Sun', '4:00-5:00pm Sun', '7:00-8:00pm F', '7:00-8:00pm W']"
Andria,Wesley,AndriaWesley@email.com,"['7:00-8:00pm M', '7:00-8:00pm T', '7:00-8:00pm W', '5:00-6:00pm Th', '8:00-9:00pm T']"
Brian,Maher,BrianMaher@email.com,"['8:00-9:00pm Th', '5:00-6:00pm T', '7:00-8:00pm T']"
Elisha,Chan,ElishaChan@email.com,"['5:00-6:00pm W', '8:00-9:00pm M', '7:00-8:00pm W', '8:00-9:00pm F', '6:00-7:00pm T', '6:00-7:00pm Th']"
Freddie,Santoya,FreddieSantoya@email.com,"['5:00-6:00pm F', '7:00-8:00pm W', '8:00-9:00pm Th', '3:00-4:00pm Sun']"
Margaret,Bryan,MargaretBryan@email.com,"['7:00-8:00pm Th', '6:00-7:00pm T', '5:00-6:00pm Th', '5:00-6:00pm Sun', '8:00-9:00pm T']"
Michelle,Leon,MichelleLeon@email.com,"['8:00-9:00pm Th', '8:00-9:00pm F', '7:00-8:00pm W', '7:00-8:00pm M', '5:00-6:00pm T']"
Chelsie,Goble,ChelsieGoble@email.com,"['6:00-7:00pm Sun', '7:00-8:00pm Sun', '7:00-8:00pm W', '3:00-4:00pm Sun', '6:00-7:00pm F', '8:00-9:00pm T']"
Levi,Hood,LeviHood@email.com,"['6:00-7:00pm Sun', '6:00-7:00pm W', '5:00-6:00pm Th', '4:00-5:00pm Sun']"
Gertrude,Davenport,GertrudeDavenport@email.com,"['8:00-9:00pm W', '8:00-9:00pm Th', '8:00-9:00pm F', '6:00-7:00pm F']"
Sally,Racine,SallyRacine@email.com,"['5:00-6:00pm W', '7:00-8:00pm Th', '7:00-8:00pm T', '5:00-6:00pm Th']"
Jeffery,Barth,JefferyBarth@email.com,"['8:00-9:00pm F', '7:00-8:00pm W', '5:00-6:00pm W', '7:00-8:00pm Sun', '8:00-9:00pm M']"
Vera,Coble,VeraCoble@email.com,"['5:00-6:00pm T', '5:00-6:00pm F', '6:00-7:00pm Th', '5:00-6:00pm W']"
Kevin,Scott,KevinScott@email.com,"['3:00-4:00pm Sun', '8:00-9:00pm Sun', '5:00-6:00pm Sun']"
Wilson,Gant,WilsonGant@email.com,"['5:00-6:00pm T', '6:00-7:00pm F', '7:00-8:00pm W', '8:00-9:00pm Sun']"
Terri,Dell,TerriDell@email.com,"['7:00-8:00pm F', '8:00-9:00pm M', '8:00-9:00pm Th']"
Dorothy,Giannetti,DorothyGiannetti@email.com,"['6:00-7:00pm W', '6:00-7:00pm Sun', '3:00-4:00pm Sun', '5:00-6:00pm W']"
James,Brooks,JamesBrooks@email.com,"['4:00-5:00pm Sun', '5:00-6:00pm Sun', '5:00-6:00pm Th', '8:00-9:00pm T']"
Mabel,Ayon,MabelAyon@email.com,"['8:00-9:00pm Sun', '7:00-8:00pm T', '5:00-6:00pm F', '6:00-7:00pm F', '7:00-8:00pm M', '5:00-6:00pm T']"
Curtis,Dibble,CurtisDibble@email.com,"['5:00-6:00pm F', '6:00-7:00pm F', '8:00-9:00pm M', '7:00-8:00pm M', '5:00-6:00pm T']"
Clarence,Fields,ClarenceFields@email.com,"['7:00-8:00pm T', '8:00-9:00pm Th', '8:00-9:00pm F', '5:00-6:00pm Th', '7:00-8:00pm F', '5:00-6:00pm F']"
Marjorie,Walker,MarjorieWalker@email.com,"['6:00-7:00pm M', '5:00-6:00pm T', '7:00-8:00pm W', '4:00-5:00pm Sun', '5:00-6:00pm W']"
Eric,Johnson,EricJohnson@email.com,"['5:00-6:00pm Th', '5:00-6:00pm W', '8:00-9:00pm Th', '8:00-9:00pm T', '6:00-7:00pm M', '7:00-8:00pm T']"
Ruby,Woodard,RubyWoodard@email.com,"['7:00-8:00pm Sun', '5:00-6:00pm Th', '8:00-9:00pm T']"
Angeline,Saunders,AngelineSaunders@email.com,"['7:00-8:00pm Sun', '8:00-9:00pm W', '6:00-7:00pm T']"
Ethel,Redmon,EthelRedmon@email.com,"['7:00-8:00pm W', '8:00-9:00pm T', '6:00-7:00pm Sun', '5:00-6:00pm W', '6:00-7:00pm M', '5:00-6:00pm M']"
Mary,Benack,MaryBenack@email.com,"['6:00-7:00pm Sun', '8:00-9:00pm M', '5:00-6:00pm T']"
Kevin,Vasquez,KevinVasquez@email.com,"['6:00-7:00pm W', '7:00-8:00pm F', '8:00-9:00pm T']"
Michael,Richburg,MichaelRichburg@email.com,"['3:00-4:00pm Sun', '7:00-8:00pm T', '5:00-6:00pm T', '5:00-6:00pm F']"
Deborah,Warren,DeborahWarren@email.com,"['8:00-9:00pm M', '6:00-7:00pm Sun', '5:00-6:00pm Th', '8:00-9:00pm T']"
Derrick,Stroup,DerrickStroup@email.com,"['7:00-8:00pm Th', '5:00-6:00pm T', '8:00-9:00pm M', '7:00-8:00pm M', '6:00-7:00pm Sun', '7:00-8:00pm F']"
Robert,Mewborn,RobertMewborn@email.com,"['7:00-8:00pm T', '6:00-7:00pm Sun', '6:00-7:00pm W']"
Arnold,Carpenter,ArnoldCarpenter@email.com,"['8:00-9:00pm W', '8:00-9:00pm M', '3:00-4:00pm Sun', '7:00-8:00pm M', '6:00-7:00pm Sun', '5:00-6:00pm Th']"
Rosemarie,Treloar,RosemarieTreloar@email.com,"['6:00-7:00pm Sun', '8:00-9:00pm Sun', '6:00-7:00pm M', '6:00-7:00pm T', '7:00-8:00pm Th', '7:00-8:00pm W']"
David,Reynolds,DavidReynolds@email.com,"['7:00-8:00pm W', '8:00-9:00pm Th', '6:00-7:00pm T', '6:00-7:00pm Sun']"
Christine,Plummer,ChristinePlummer@email.com,"['3:00-4:00pm Sun', '6:00-7:00pm M', '7:00-8:00pm M', '7:00-8:00pm W']"
Richard,Sutton,RichardSutton@email.com,"['6:00-7:00pm Sun', '7:00-8:00pm W', '4:00-5:00pm Sun']"
Traci,Weaver,TraciWeaver@email.com,"['4:00-5:00pm Sun', '6:00-7:00pm Th', '7:00-8:00pm Sun', '7:00-8:00pm F', '5:00-6:00pm M', '3:00-4:00pm Sun']"
Lawrence,Heasley,LawrenceHeasley@email.com,"['6:00-7:00pm F', '8:00-9:00pm W', '7:00-8:00pm M', '5:00-6:00pm M', '8:00-9:00pm T']"
Maudie,Lawson,MaudieLawson@email.com,"['5:00-6:00pm W', '4:00-5:00pm Sun', '5:00-6:00pm T', '7:00-8:00pm M', '6:00-7:00pm M']"
Marion,Laue,MarionLaue@email.com,"['5:00-6:00pm W', '8:00-9:00pm Th', '7:00-8:00pm F']"
Lillian,Griffiths,LillianGriffiths@email.com,"['5:00-6:00pm M', '6:00-7:00pm Sun', '8:00-9:00pm M', '4:00-5:00pm Sun', '6:00-7:00pm Th', '7:00-8:00pm M']"
Josephine,Mccants,JosephineMccants@email.com,"['3:00-4:00pm Sun', '6:00-7:00pm Sun', '8:00-9:00pm Sun', '6:00-7:00pm W', '8:00-9:00pm F']"
Robert,Nath,RobertNath@email.com,"['7:00-8:00pm Sun', '7:00-8:00pm F', '6:00-7:00pm M', '8:00-9:00pm Sun', '6:00-7:00pm F', '6:00-7:00pm Sun']"
Kevin,Coates,KevinCoates@email.com,"['7:00-8:00pm Th', '7:00-8:00pm W', '7:00-8:00pm Sun', '8:00-9:00pm F', '5:00-6:00pm T', '5:00-6:00pm Sun']"
John,Page,JohnPage@email.com,"['8:00-9:00pm F', '8:00-9:00pm Th', '6:00-7:00pm W']"
Melody,Waldo,MelodyWaldo@email.com,"['3:00-4:00pm Sun', '8:00-9:00pm T', '8:00-9:00pm W', '6:00-7:00pm Sun']"
Jonathan,Masters,JonathanMasters@email.com,"['5:00-6:00pm W', '8:00-9:00pm T', '8:00-9:00pm M', '6:00-7:00pm F', '7:00-8:00pm Sun', '5:00-6:00pm F']"
Lorraine,Parker,LorraineParker@email.com,"['6:00-7:00pm T', '5:00-6:00pm Th', '5:00-6:00pm T', '5:00-6:00pm F']"
Alda,Pepe,AldaPepe@email.com,"['6:00-7:00pm Sun', '7:00-8:00pm W', '8:00-9:00pm T']"
Carol,Sumpter,CarolSumpter@email.com,"['6:00-7:00pm Sun', '7:00-8:00pm M', '7:00-8:00pm T']"
Janice,Sakoda,JaniceSakoda@email.com,"['5:00-6:00pm W', '4:00-5:00pm Sun', '6:00-7:00pm F', '7:00-8:00pm Th', '7:00-8:00pm Sun']"
William,Maymi,WilliamMaymi@email.com,"['5:00-6:00pm Th', '3:00-4:00pm Sun', '6:00-7:00pm M', '8:00-9:00pm Th', '5:00-6:00pm F']"
Lester,Mendez,LesterMendez@email.com,"['5:00-6:00pm W', '6:00-7:00pm M', '7:00-8:00pm M', '5:00-6:00pm Th', '5:00-6:00pm F', '6:00-7:00pm W']"
Jessica,Davis,JessicaDavis@email.com,"['5:00-6:00pm W', '6:00-7:00pm T', '6:00-7:00pm F', '3:00-4:00pm Sun']"
Justin,Stephens,JustinStephens@email.com,"['7:00-8:00pm T', '6:00-7:00pm M', '5:00-6:00pm Th', '7:00-8:00pm Sun', '3:00-4:00pm Sun', '5:00-6:00pm T']"
Joe,Alford,JoeAlford@email.com,"['5:00-6:00pm T', '6:00-7:00pm T', '5:00-6:00pm W', '5:00-6:00pm Sun', '7:00-8:00pm Sun']"
Donna,Copeland,DonnaCopeland@email.com,"['6:00-7:00pm T', '6:00-7:00pm F', '7:00-8:00pm Th', '3:00-4:00pm Sun']"
Kevin,Damiano,KevinDamiano@email.com,"['5:00-6:00pm Th', '6:00-7:00pm Th', '5:00-6:00pm Sun']"
Naomi,Kalas,NaomiKalas@email.com,"['5:00-6:00pm W', '5:00-6:00pm Sun', '6:00-7:00pm M']"
Maurice,Allen,MauriceAllen@email.com,"['8:00-9:00pm F', '5:00-6:00pm F', '5:00-6:00pm W', '6:00-7:00pm W', '3:00-4:00pm Sun', '8:00-9:00pm Th']"
Luis,Barnes,LuisBarnes@email.com,"['8:00-9:00pm F', '6:00-7:00pm M', '5:00-6:00pm F']"
Jasper,Fillingham,JasperFillingham@email.com,"['6:00-7:00pm M', '8:00-9:00pm Th', '3:00-4:00pm Sun', '5:00-6:00pm W', '6:00-7:00pm F']"
William,Bosco,WilliamBosco@email.com,"['7:00-8:00pm W', '6:00-7:00pm Sun', '5:00-6:00pm T', '7:00-8:00pm M', '8:00-9:00pm T']"
Dora,Kell,DoraKell@email.com,"['8:00-9:00pm Th', '8:00-9:00pm F', '6:00-7:00pm Th']"
Jeremy,Matos,JeremyMatos@email.com,"['7:00-8:00pm Sun', '4:00-5:00pm Sun', '5:00-6:00pm F', '5:00-6:00pm M', '7:00-8:00pm F', '5:00-6:00pm Sun']"
Jeannette,Simon,JeannetteSimon@email.com,"['5:00-6:00pm T', '5:00-6:00pm Th', '8:00-9:00pm W']"
William,Leong,WilliamLeong@email.com,"['6:00-7:00pm T', '6:00-7:00pm W', '7:00-8:00pm W', '5:00-6:00pm T']"
Arthur,Gallagher,ArthurGallagher@email.com,"['7:00-8:00pm T', '8:00-9:00pm Th', '6:00-7:00pm W', '7:00-8:00pm Sun']"
Raphael,Williams,RaphaelWilliams@email.com,"['5:00-6:00pm T', '5:00-6:00pm M', '8:00-9:00pm M', '8:00-9:00pm F', '7:00-8:00pm W']"
Cheryl,Johnson,CherylJohnson@email.com,"['7:00-8:00pm T', '7:00-8:00pm W', '8:00-9:00pm Sun', '5:00-6:00pm T', '8:00-9:00pm W', '6:00-7:00pm T']"
Kathryn,Midkiff,KathrynMidkiff@email.com,"['8:00-9:00pm W', '7:00-8:00pm T', '6:00-7:00pm T', '5:00-6:00pm Sun', '5:00-6:00pm W', '7:00-8:00pm F']"
Luther,Cruz,LutherCruz@email.com,"['4:00-5:00pm Sun', '7:00-8:00pm T', '5:00-6:00pm F', '7:00-8:00pm M']"
Phyllis,Duke,PhyllisDuke@email.com,"['6:00-7:00pm F', '8:00-9:00pm Th', '6:00-7:00pm M', '8:00-9:00pm F', '7:00-8:00pm W']"
Edison,Martinez,EdisonMartinez@email.com,"['5:00-6:00pm Th', '7:00-8:00pm T', '8:00-9:00pm M', '5:00-6:00pm T']"
Lynne,Smith,LynneSmith@email.com,"['5:00-6:00pm Th', '6:00-7:00pm T', '5:00-6:00pm W', '6:00-7:00pm Th', '3:00-4:00pm Sun']"
Michael,Rice,MichaelRice@email.com,"['7:00-8:00pm W', '8:00-9:00pm F', '8:00-9:00pm T', '8:00-9:00pm W', '5:00-6:00pm Th', '6:00-7:00pm T']"
Maude,Graves,MaudeGraves@email.com,"['7:00-8:00pm Sun', '7:00-8:00pm T', '6:00-7:00pm T', '5:00-6:00pm Th']"
April,Mccloskey,AprilMccloskey@email.com,"['4:00-5:00pm Sun', '6:00-7:00pm Sun', '5:00-6:00pm Th', '6:00-7:00pm T', '5:00-6:00pm M']"
Jo,Grajeda,JoGrajeda@email.com,"['3:00-4:00pm Sun', '8:00-9:00pm F', '7:00-8:00pm Sun', '7:00-8:00pm Th', '6:00-7:00pm Sun']"
Claudia,Walker,ClaudiaWalker@email.com,"['8:00-9:00pm T', '6:00-7:00pm F', '5:00-6:00pm F', '5:00-6:00pm W', '6:00-7:00pm Sun', '8:00-9:00pm Th']"
Judy,Fabela,JudyFabela@email.com,"['6:00-7:00pm Th', '5:00-6:00pm M', '7:00-8:00pm Th', '6:00-7:00pm M', '7:00-8:00pm F', '7:00-8:00pm M']"
Anna,Baker,AnnaBaker@email.com,"['5:00-6:00pm Sun', '6:00-7:00pm Sun', '7:00-8:00pm W']"
Jeffery,Brown,JefferyBrown@email.com,"['5:00-6:00pm Sun', '5:00-6:00pm T', '5:00-6:00pm F', '8:00-9:00pm T']"
Paul,Burger,PaulBurger@email.com,"['8:00-9:00pm W', '7:00-8:00pm M', '8:00-9:00pm Sun', '6:00-7:00pm T']"
Maxine,Castrejon,MaxineCastrejon@email.com,"['8:00-9:00pm F', '6:00-7:00pm M', '3:00-4:00pm Sun', '6:00-7:00pm T', '6:00-7:00pm Th', '5:00-6:00pm Sun']"
Christa,Brown,ChristaBrown@email.com,"['6:00-7:00pm Th', '7:00-8:00pm W', '4:00-5:00pm Sun', '8:00-9:00pm M', '8:00-9:00pm Sun']"
Sara,Prado,SaraPrado@email.com,"['5:00-6:00pm M', '8:00-9:00pm T', '6:00-7:00pm T', '6:00-7:00pm M']"
Deborah,Smith,DeborahSmith@email.com,"['5:00-6:00pm Sun', '7:00-8:00pm Th', '3:00-4:00pm Sun']"
Kevin,Kim,KevinKim@email.com,"['6:00-7:00pm F', '6:00-7:00pm Sun', '8:00-9:00pm M', '5:00-6:00pm W', '5:00-6:00pm M']"
Vicki,Shaw,VickiShaw@email.com,"['5:00-6:00pm M', '8:00-9:00pm M', '5:00-6:00pm F', '7:00-8:00pm Th', '8:00-9:00pm Sun']"
Carol,Gonzalez,CarolGonzalez@email.com,"['4:00-5:00pm Sun', '8:00-9:00pm F', '5:00-6:00pm Sun', '6:00-7:00pm F', '6:00-7:00pm M', '8:00-9:00pm Sun']"
Philip,Lobel,PhilipLobel@email.com,"['6:00-7:00pm F', '6:00-7:00pm M', '5:00-6:00pm F', '7:00-8:00pm Th', '6:00-7:00pm Sun', '7:00-8:00pm Sun']"
Joseph,Wilson,JosephWilson@email.com,"['6:00-7:00pm M', '8:00-9:00pm M', '5:00-6:00pm Th', '7:00-8:00pm W', '6:00-7:00pm W', '7:00-8:00pm F']"
Wanda,Foster,WandaFoster@email.com,"['5:00-6:00pm W', '7:00-8:00pm M', '8:00-9:00pm F', '6:00-7:00pm W']"
Victor,Redding,VictorRedding@email.com,"['7:00-8:00pm T', '8:00-9:00pm W', '8:00-9:00pm Th']"
Judith,Mohammed,JudithMohammed@email.com,"['5:00-6:00pm F', '8:00-9:00pm Sun', '6:00-7:00pm T', '6:00-7:00pm M']"
Kerri,Veliz,KerriVeliz@email.com,"['5:00-6:00pm F', '5:00-6:00pm T', '6:00-7:00pm T', '5:00-6:00pm W']"
Marie,Tomlinson,MarieTomlinson@email.com,"['8:00-9:00pm F', '6:00-7:00pm F', '7:00-8:00pm Sun', '7:00-8:00pm W', '7:00-8:00pm T', '7:00-8:00pm Th']"
Sally,Stewart,SallyStewart@email.com,"['6:00-7:00pm Sun', '5:00-6:00pm T', '6:00-7:00pm T', '5:00-6:00pm M']"
Paul,Martin,PaulMartin@email.com,"['7:00-8:00pm M', '8:00-9:00pm F', '5:00-6:00pm Sun', '5:00-6:00pm Th']"
Susan,Robert,SusanRobert@email.com,"['6:00-7:00pm T', '6:00-7:00pm F', '5:00-6:00pm W', '6:00-7:00pm Th', '8:00-9:00pm W']"
Dawn,Goble,DawnGoble@email.com,"['7:00-8:00pm Th', '6:00-7:00pm T', '7:00-8:00pm T']"
Mark,Stevenson,MarkStevenson@email.com,"['6:00-7:00pm F', '3:00-4:00pm Sun', '7:00-8:00pm T', '7:00-8:00pm M', '5:00-6:00pm F', '5:00-6:00pm Th']"
Eileen,Lopez,EileenLopez@email.com,"['8:00-9:00pm T', '7:00-8:00pm Sun', '3:00-4:00pm Sun', '5:00-6:00pm M', '7:00-8:00pm T']"
Joseph,Schofield,JosephSchofield@email.com,"['5:00-6:00pm W', '6:00-7:00pm Sun', '7:00-8:00pm T', '6:00-7:00pm M', '6:00-7:00pm W', '5:00-6:00pm F']"
Minnie,Stanick,MinnieStanick@email.com,"['7:00-8:00pm Sun', '7:00-8:00pm T', '5:00-6:00pm F']"
Marylou,Wildes,MarylouWildes@email.com,"['3:00-4:00pm Sun', '6:00-7:00pm W', '5:00-6:00pm W', '7:00-8:00pm T', '6:00-7:00pm Th', '6:00-7:00pm Sun']"
Anibal,Credeur,AnibalCredeur@email.com,"['8:00-9:00pm W', '7:00-8:00pm F', '7:00-8:00pm T', '6:00-7:00pm M']"
Brian,Gutierrez,BrianGutierrez@email.com,"['6:00-7:00pm W', '6:00-7:00pm M', '6:00-7:00pm Th', '4:00-5:00pm Sun']"
Philip,Mccullough,PhilipMccullough@email.com,"['7:00-8:00pm Sun', '8:00-9:00pm M', '8:00-9:00pm Th', '5:00-6:00pm M', '6:00-7:00pm T', '8:00-9:00pm Sun']"
Maria,Mcgrath,MariaMcgrath@email.com,"['7:00-8:00pm F', '8:00-9:00pm M', '8:00-9:00pm T', '7:00-8:00pm T', '6:00-7:00pm M', '7:00-8:00pm W']"
Timothy,Gordon,TimothyGordon@email.com,"['7:00-8:00pm F', '6:00-7:00pm Th', '3:00-4:00pm Sun']"
Helen,Lopez,HelenLopez@email.com,"['7:00-8:00pm M', '6:00-7:00pm F', '7:00-8:00pm T', '6:00-7:00pm W', '6:00-7:00pm Th']"
Regina,Oliver,ReginaOliver@email.com,"['8:00-9:00pm Th', '7:00-8:00pm Sun', '7:00-8:00pm F']"
Melissa,Ford,MelissaFord@email.com,"['7:00-8:00pm W', '7:00-8:00pm T', '7:00-8:00pm M', '6:00-7:00pm M', '3:00-4:00pm Sun']"
Alexandra,Bloch,AlexandraBloch@email.com,"['6:00-7:00pm Th', '5:00-6:00pm W', '4:00-5:00pm Sun']"
Salvador,Walls,SalvadorWalls@email.com,"['8:00-9:00pm W', '7:00-8:00pm W', '8:00-9:00pm M', '5:00-6:00pm Th']"
Clara,Robinson,ClaraRobinson@email.com,"['5:00-6:00pm M', '5:00-6:00pm T', '6:00-7:00pm M', '5:00-6:00pm Sun', '5:00-6:00pm W']"
Diane,Thomas,DianeThomas@email.com,"['7:00-8:00pm F', '5:00-6:00pm T', '8:00-9:00pm Th']"
Whitney,Joosten,WhitneyJoosten@email.com,"['3:00-4:00pm Sun', '6:00-7:00pm F', '5:00-6:00pm F', '6:00-7:00pm T', '7:00-8:00pm W']"
Dustin,Gonzalez,DustinGonzalez@email.com,"['5:00-6:00pm W', '8:00-9:00pm T', '3:00-4:00pm Sun', '6:00-7:00pm Sun']"
Beverly,Adams,BeverlyAdams@email.com,"['4:00-5:00pm Sun', '5:00-6:00pm Sun', '5:00-6:00pm F', '7:00-8:00pm W', '5:00-6:00pm T']"
Nancy,Davis,NancyDavis@email.com,"['5:00-6:00pm F', '7:00-8:00pm F', '5:00-6:00pm W', '5:00-6:00pm Sun', '8:00-9:00pm Sun', '7:00-8:00pm W']"
Kerry,Walther,KerryWalther@email.com,"['3:00-4:00pm Sun', '5:00-6:00pm T', '6:00-7:00pm Sun']"
Audrey,Singer,AudreySinger@email.com,"['5:00-6:00pm F', '5:00-6:00pm M', '6:00-7:00pm W', '5:00-6:00pm T', '7:00-8:00pm T', '6:00-7:00pm T']"
Ross,Bonner,RossBonner@email.com,"['7:00-8:00pm M', '7:00-8:00pm Th', '5:00-6:00pm Th', '4:00-5:00pm Sun', '5:00-6:00pm M']"
Denice,Sandstrom,DeniceSandstrom@email.com,"['6:00-7:00pm F', '7:00-8:00pm F', '8:00-9:00pm T', '7:00-8:00pm Th']"
Neil,Chase,NeilChase@email.com,"['7:00-8:00pm Th', '5:00-6:00pm Th', '7:00-8:00pm F', '8:00-9:00pm W', '6:00-7:00pm T', '8:00-9:00pm M']"
David,Fountain,DavidFountain@email.com,"['6:00-7:00pm M', '5:00-6:00pm M', '8:00-9:00pm W', '4:00-5:00pm Sun', '5:00-6:00pm W', '8:00-9:00pm T']"
Tracey,Goodin,TraceyGoodin@email.com,"['8:00-9:00pm Sun', '5:00-6:00pm Sun', '7:00-8:00pm Th', '4:00-5:00pm Sun', '6:00-7:00pm Sun', '7:00-8:00pm F']"
Charles,Russo,CharlesRusso@email.com,"['7:00-8:00pm T', '5:00-6:00pm T', '5:00-6:00pm M', '6:00-7:00pm W', '4:00-5:00pm Sun']"
Robert,Mckinney,RobertMckinney@email.com,"['8:00-9:00pm W', '8:00-9:00pm F', '6:00-7:00pm Th', '8:00-9:00pm T', '5:00-6:00pm T']"
Manuel,Sharp,ManuelSharp@email.com,"['5:00-6:00pm Th', '7:00-8:00pm W', '4:00-5:00pm Sun', '5:00-6:00pm W', '6:00-7:00pm Th', '8:00-9:00pm F']"
Susan,Niedringhaus,SusanNiedringhaus@email.com,"['7:00-8:00pm M', '6:00-7:00pm W', '4:00-5:00pm Sun', '5:00-6:00pm Sun']"
Terrance,Blalock,TerranceBlalock@email.com,"['8:00-9:00pm Th', '7:00-8:00pm T', '5:00-6:00pm Sun', '8:00-9:00pm Sun', '7:00-8:00pm Th', '6:00-7:00pm Sun']"
Gloria,Koval,GloriaKoval@email.com,"['7:00-8:00pm Sun', '6:00-7:00pm W', '7:00-8:00pm F', '7:00-8:00pm M']"
Lottie,Anderson,LottieAnderson@email.com,"['5:00-6:00pm Th', '8:00-9:00pm Sun', '7:00-8:00pm Th']"
Robert,Miller,RobertMiller@email.com,"['8:00-9:00pm T', '5:00-6:00pm Th', '7:00-8:00pm T']"
John,Fisher,JohnFisher@email.com,"['3:00-4:00pm Sun', '7:00-8:00pm Th', '5:00-6:00pm Sun', '4:00-5:00pm Sun', '8:00-9:00pm W', '8:00-9:00pm Th']"
Kenneth,Rimer,KennethRimer@email.com,"['8:00-9:00pm Th', '5:00-6:00pm Sun', '7:00-8:00pm T']"
Elizabeth,Predovich,ElizabethPredovich@email.com,"['4:00-5:00pm Sun', '8:00-9:00pm F', '6:00-7:00pm F']"
Arturo,Mora,ArturoMora@email.com,"['7:00-8:00pm M', '6:00-7:00pm Th', '7:00-8:00pm W', '5:00-6:00pm M']"
Laura,Degan,LauraDegan@email.com,"['4:00-5:00pm Sun', '8:00-9:00pm F', '5:00-6:00pm M', '5:00-6:00pm F', '5:00-6:00pm W', '5:00-6:00pm Sun']"
Timothy,Price,TimothyPrice@email.com,"['8:00-9:00pm T', '5:00-6:00pm F', '3:00-4:00pm Sun', '6:00-7:00pm M', '6:00-7:00pm Sun', '5:00-6:00pm Sun']"
Kathy,Carroll,KathyCarroll@email.com,"['6:00-7:00pm F', '6:00-7:00pm T', '5:00-6:00pm W']"
Roberta,Anderson,RobertaAnderson@email.com,"['4:00-5:00pm Sun', '5:00-6:00pm W', '7:00-8:00pm W', '8:00-9:00pm Sun', '8:00-9:00pm W', '3:00-4:00pm Sun']"
Mark,Bell,MarkBell@email.com,"['8:00-9:00pm Th', '5:00-6:00pm W', '8:00-9:00pm W', '7:00-8:00pm Sun', '6:00-7:00pm F', '7:00-8:00pm Th']"
Dorothy,Koetje,DorothyKoetje@email.com,"['8:00-9:00pm T', '5:00-6:00pm T', '8:00-9:00pm M', '6:00-7:00pm Th', '7:00-8:00pm F', '8:00-9:00pm Th']"
John,Acosta,JohnAcosta@email.com,"['4:00-5:00pm Sun', '6:00-7:00pm W', '6:00-7:00pm Th', '8:00-9:00pm W', '5:00-6:00pm Th']"
Linda,Sands,LindaSands@email.com,"['5:00-6:00pm M', '8:00-9:00pm Sun', '5:00-6:00pm T', '8:00-9:00pm F', '6:00-7:00pm W']"
Felicia,Palladino,FeliciaPalladino@email.com,"['6:00-7:00pm F', '6:00-7:00pm Sun', '8:00-9:00pm T']"
Gavin,Palmer,GavinPalmer@email.com,"['8:00-9:00pm M', '7:00-8:00pm T', '5:00-6:00pm M', '7:00-8:00pm Sun', '8:00-9:00pm T']"
Paul,Tyler,PaulTyler@email.com,"['7:00-8:00pm Sun', '6:00-7:00pm Sun', '7:00-8:00pm M', '6:00-7:00pm M']"
Brandon,Windham,BrandonWindham@email.com,"['6:00-7:00pm M', '7:00-8:00pm M', '7:00-8:00pm F']"
Frances,Parsons,FrancesParsons@email.com,"['5:00-6:00pm Th', '7:00-8:00pm W', '3:00-4:00pm Sun', '5:00-6:00pm Sun']"
Bradley,Simpson,BradleySimpson@email.com,"['8:00-9:00pm Th', '5:00-6:00pm M', '6:00-7:00pm W', '6:00-7:00pm Th', '8:00-9:00pm W']"
Terry,Wells,TerryWells@email.com,"['6:00-7:00pm Sun', '7:00-8:00pm T', '8:00-9:00pm W', '6:00-7:00pm F', '7:00-8:00pm W', '7:00-8:00pm Sun']"
Thomas,Cruz,ThomasCruz@email.com,"['8:00-9:00pm W', '6:00-7:00pm M', '3:00-4:00pm Sun', '6:00-7:00pm Sun']"
Kevin,Hust,KevinHust@email.com,"['5:00-6:00pm Sun', '6:00-7:00pm Sun', '6:00-7:00pm M', '6:00-7:00pm T']"
Louise,Wise,LouiseWise@email.com,"['5:00-6:00pm T', '8:00-9:00pm W', '4:00-5:00pm Sun', '6:00-7:00pm T', '6:00-7:00pm F', '5:00-6:00pm W']"
Sue,Thurber,SueThurber@email.com,"['5:00-6:00pm Sun', '3:00-4:00pm Sun', '7:00-8:00pm Th', '6:00-7:00pm Th', '5:00-6:00pm T']"
Hiram,Brown,HiramBrown@email.com,"['7:00-8:00pm M', '8:00-9:00pm T', '7:00-8:00pm W']"
Marjorie,Santana,MarjorieSantana@email.com,"['7:00-8:00pm Th', '6:00-7:00pm W', '5:00-6:00pm M', '6:00-7:00pm Sun']"
William,Mcnair,WilliamMcnair@email.com,"['5:00-6:00pm Th', '8:00-9:00pm M', '5:00-6:00pm Sun']"
Henry,Blevins,HenryBlevins@email.com,"['5:00-6:00pm T', '6:00-7:00pm T', '6:00-7:00pm Th']"
Pamela,Thompson,PamelaThompson@email.com,"['7:00-8:00pm W', '6:00-7:00pm T', '8:00-9:00pm W', '5:00-6:00pm W', '7:00-8:00pm F', '6:00-7:00pm W']"
Andres,Smith,AndresSmith@email.com,"['8:00-9:00pm Sun', '3:00-4:00pm Sun', '5:00-6:00pm M', '5:00-6:00pm Sun']"
Brenda,Simms,BrendaSimms@email.com,"['7:00-8:00pm Sun', '5:00-6:00pm M', '7:00-8:00pm M']"
Mattie,Ganey,MattieGaney@email.com,"['6:00-7:00pm W', '5:00-6:00pm F', '7:00-8:00pm M', '7:00-8:00pm W', '3:00-4:00pm Sun', '5:00-6:00pm Sun']"
Danny,Cranker,DannyCranker@email.com,"['6:00-7:00pm M', '5:00-6:00pm T', '7:00-8:00pm W', '5:00-6:00pm Sun']"
Emory,Jennings,EmoryJennings@email.com,"['4:00-5:00pm Sun', '6:00-7:00pm W', '7:00-8:00pm F']"
Janice,Quandt,JaniceQuandt@email.com,"['7:00-8:00pm Th', '6:00-7:00pm T', '8:00-9:00pm Th', '8:00-9:00pm W', '7:00-8:00pm M', '5:00-6:00pm Sun']"
Donald,Mccrudden,DonaldMccrudden@email.com,"['5:00-6:00pm M', '8:00-9:00pm W', '8:00-9:00pm Th', '6:00-7:00pm Th', '8:00-9:00pm M', '6:00-7:00pm M']"
Geraldine,Long,GeraldineLong@email.com,"['8:00-9:00pm Sun', '6:00-7:00pm Th', '6:00-7:00pm Sun', '6:00-7:00pm T', '8:00-9:00pm Th', '5:00-6:00pm F']"
Harold,Pritt,HaroldPritt@email.com,"['3:00-4:00pm Sun', '6:00-7:00pm Th', '7:00-8:00pm Sun']"
Devin,Chiesa,DevinChiesa@email.com,"['7:00-8:00pm Th', '7:00-8:00pm T', '6:00-7:00pm Th', '7:00-8:00pm M', '8:00-9:00pm Sun', '6:00-7:00pm Sun']"
Martha,Peters,MarthaPeters@email.com,"['6:00-7:00pm F', '6:00-7:00pm W', '8:00-9:00pm T', '5:00-6:00pm F', '5:00-6:00pm T', '7:00-8:00pm Th']"
Heather,Oldham,HeatherOldham@email.com,"['6:00-7:00pm W', '5:00-6:00pm M', '6:00-7:00pm Th', '7:00-8:00pm Sun', '8:00-9:00pm W']"
Sarah,Powell,SarahPowell@email.com,"['6:00-7:00pm T', '8:00-9:00pm M', '3:00-4:00pm Sun', '6:00-7:00pm M']"
Patricia,Smith,PatriciaSmith@email.com,"['5:00-6:00pm Th', '7:00-8:00pm Sun', '8:00-9:00pm M']"
Doris,Hawkins,DorisHawkins@email.com,"['7:00-8:00pm Sun', '5:00-6:00pm M', '7:00-8:00pm T', '6:00-7:00pm F', '6:00-7:00pm Th', '6:00-7:00pm T']"
Gina,Cothren,GinaCothren@email.com,"['7:00-8:00pm F', '5:00-6:00pm M', '7:00-8:00pm W', '5:00-6:00pm T']"
Katherine,Sanabria,KatherineSanabria@email.com,"['5:00-6:00pm F', '8:00-9:00pm W', '4:00-5:00pm Sun', '8:00-9:00pm T', '7:00-8:00pm W']"
Anastacia,Guimond,AnastaciaGuimond@email.com,"['8:00-9:00pm Sun', '8:00-9:00pm M', '8:00-9:00pm Th', '8:00-9:00pm F']"
Titus,Brown,TitusBrown@email.com,"['8:00-9:00pm Th', '5:00-6:00pm Th', '7:00-8:00pm Sun', '7:00-8:00pm W']"
Patricia,Bohn,PatriciaBohn@email.com,"['5:00-6:00pm F', '3:00-4:00pm Sun', '7:00-8:00pm Sun']"
Gary,Ross,GaryRoss@email.com,"['4:00-5:00pm Sun', '7:00-8:00pm M', '7:00-8:00pm F']"
George,Preister,GeorgePreister@email.com,"['6:00-7:00pm F', '8:00-9:00pm T', '8:00-9:00pm Sun', '6:00-7:00pm M', '7:00-8:00pm W']"
John,Martin,JohnMartin@email.com,"['8:00-9:00pm W', '5:00-6:00pm Sun', '7:00-8:00pm W', '4:00-5:00pm Sun', '7:00-8:00pm F']"
Oscar,Holmes,OscarHolmes@email.com,"['8:00-9:00pm Sun', '5:00-6:00pm Sun', '7:00-8:00pm W', '6:00-7:00pm T']"
Roger,Edelen,RogerEdelen@email.com,"['6:00-7:00pm F', '6:00-7:00pm W', '8:00-9:00pm T', '6:00-7:00pm Sun', '5:00-6:00pm W', '6:00-7:00pm T']"
Claudine,Pereira,ClaudinePereira@email.com,"['5:00-6:00pm W', '5:00-6:00pm T', '8:00-9:00pm Sun']"
Nicole,Lotti,NicoleLotti@email.com,"['8:00-9:00pm W', '7:00-8:00pm W', '7:00-8:00pm Sun']"
Elois,Jeanbaptiste,EloisJeanbaptiste@email.com,"['6:00-7:00pm W', '5:00-6:00pm F', '6:00-7:00pm M', '7:00-8:00pm F']"
Christopher,Stafford,ChristopherStafford@email.com,"['7:00-8:00pm T', '5:00-6:00pm T', '6:00-7:00pm M', '6:00-7:00pm F', '8:00-9:00pm M', '7:00-8:00pm M']"
Ignacio,Alexander,IgnacioAlexander@email.com,"['3:00-4:00pm Sun', '6:00-7:00pm T', '5:00-6:00pm T']"
Rebeca,Hopkins,RebecaHopkins@email.com,"['8:00-9:00pm T', '8:00-9:00pm M', '7:00-8:00pm W', '7:00-8:00pm Th', '6:00-7:00pm W', '6:00-7:00pm Sun']"
Douglas,Querry,DouglasQuerry@email.com,"['5:00-6:00pm F', '5:00-6:00pm Th', '5:00-6:00pm Sun']"
Diana,Shane,DianaShane@email.com,"['6:00-7:00pm Sun', '5:00-6:00pm Th', '3:00-4:00pm Sun', '6:00-7:00pm T', '7:00-8:00pm M', '5:00-6:00pm Sun']"
Amber,Dickson,AmberDickson@email.com,"['6:00-7:00pm F', '7:00-8:00pm Sun', '7:00-8:00pm F', '6:00-7:00pm W', '5:00-6:00pm M']"
Cheryl,Whorley,CherylWhorley@email.com,"['5:00-6:00pm Th', '6:00-7:00pm F', '7:00-8:00pm Th', '6:00-7:00pm M', '7:00-8:00pm T']"
Polly,Clements,PollyClements@email.com,"['8:00-9:00pm Sun', '7:00-8:00pm M', '8:00-9:00pm W', '7:00-8:00pm Th', '8:00-9:00pm T', '5:00-6:00pm M']"
Ethel,Nest,EthelNest@email.com,"['8:00-9:00pm M', '6:00-7:00pm Sun', '5:00-6:00pm T', '5:00-6:00pm Th', '8:00-9:00pm W', '5:00-6:00pm W']"
James,Shofner,JamesShofner@email.com,"['7:00-8:00pm W', '3:00-4:00pm Sun', '8:00-9:00pm M', '6:00-7:00pm M', '6:00-7:00pm Th', '8:00-9:00pm F']"
John,Latour,JohnLatour@email.com,"['8:00-9:00pm T', '5:00-6:00pm Th', '6:00-7:00pm W', '3:00-4:00pm Sun', '4:00-5:00pm Sun']"
Edward,Maurer,EdwardMaurer@email.com,"['7:00-8:00pm Th', '5:00-6:00pm Th', '4:00-5:00pm Sun', '5:00-6:00pm M', '8:00-9:00pm F', '8:00-9:00pm W']"
Jermaine,Short,JermaineShort@email.com,"['8:00-9:00pm T', '8:00-9:00pm M', '7:00-8:00pm Th']"
Oscar,Huber,OscarHuber@email.com,"['6:00-7:00pm M', '3:00-4:00pm Sun', '5:00-6:00pm W']"
John,Sims,JohnSims@email.com,"['5:00-6:00pm T', '7:00-8:00pm F', '8:00-9:00pm T', '6:00-7:00pm Sun']"
Betsy,Mieloszyk,BetsyMieloszyk@email.com,"['7:00-8:00pm F', '8:00-9:00pm M', '6:00-7:00pm W']"
Mary,Reyes,MaryReyes@email.com,"['7:00-8:00pm M', '8:00-9:00pm M', '3:00-4:00pm Sun', '8:00-9:00pm T', '5:00-6:00pm Th', '7:00-8:00pm Sun']"
Matthew,Miller,MatthewMiller@email.com,"['6:00-7:00pm F', '5:00-6:00pm F', '8:00-9:00pm T']"
Gary,Jennings,GaryJennings@email.com,"['8:00-9:00pm F', '4:00-5:00pm Sun', '6:00-7:00pm W']"
Maria,Nemeth,MariaNemeth@email.com,"['6:00-7:00pm W', '6:00-7:00pm F', '7:00-8:00pm Sun', '7:00-8:00pm Th']"
Laverne,Dick,LaverneDick@email.com,"['3:00-4:00pm Sun', '5:00-6:00pm Sun', '4:00-5:00pm Sun', '6:00-7:00pm Th']"
Lawanda,Erickson,LawandaErickson@email.com,"['8:00-9:00pm W', '6:00-7:00pm Sun', '8:00-9:00pm Th', '5:00-6:00pm Th']"
Janelle,Lafountain,JanelleLafountain@email.com,"['5:00-6:00pm Th', '5:00-6:00pm M', '7:00-8:00pm M', '6:00-7:00pm Sun', '6:00-7:00pm T', '6:00-7:00pm F']"
Chasity,Coward,ChasityCoward@email.com,"['8:00-9:00pm M', '7:00-8:00pm Sun', '8:00-9:00pm F', '8:00-9:00pm Sun', '5:00-6:00pm Th', '7:00-8:00pm T']"
Darwin,Freeman,DarwinFreeman@email.com,"['8:00-9:00pm Th', '8:00-9:00pm W', '6:00-7:00pm T', '5:00-6:00pm Sun', '7:00-8:00pm T']"
Jose,Obrien,JoseObrien@email.com,"['8:00-9:00pm M', '5:00-6:00pm Sun', '5:00-6:00pm Th', '7:00-8:00pm F', '8:00-9:00pm T']"
Erika,Myers,ErikaMyers@email.com,"['8:00-9:00pm F', '8:00-9:00pm Sun', '4:00-5:00pm Sun']"
Kevin,Pineda,KevinPineda@email.com,"['7:00-8:00pm F', '7:00-8:00pm Th', '6:00-7:00pm M', '6:00-7:00pm F', '8:00-9:00pm T', '8:00-9:00pm F']"
Jonathan,Wrenn,JonathanWrenn@email.com,"['8:00-9:00pm M', '5:00-6:00pm F', '8:00-9:00pm W', '6:00-7:00pm T', '5:00-6:00pm W', '7:00-8:00pm M']"
Michael,Muncy,MichaelMuncy@email.com,"['7:00-8:00pm W', '7:00-8:00pm Th', '4:00-5:00pm Sun', '8:00-9:00pm M', '7:00-8:00pm M']"
Jessica,Bolla,JessicaBolla@email.com,"['8:00-9:00pm M', '8:00-9:00pm F', '8:00-9:00pm Th']"
Mohammed,Farnam,MohammedFarnam@email.com,"['7:00-8:00pm Sun', '5:00-6:00pm T', '5:00-6:00pm F', '6:00-7:00pm W', '7:00-8:00pm W', '5:00-6:00pm W']"
Dorothy,Greco,DorothyGreco@email.com,"['8:00-9:00pm Th', '8:00-9:00pm Sun', '8:00-9:00pm T', '5:00-6:00pm T', '6:00-7:00pm M']"
Norman,Krenz,NormanKrenz@email.com,"['8:00-9:00pm T', '5:00-6:00pm F', '6:00-7:00pm Sun', '5:00-6:00pm Th']"
James,Mcrae,JamesMcrae@email.com,"['8:00-9:00pm W', '7:00-8:00pm T', '6:00-7:00pm T', '7:00-8:00pm Th', '6:00-7:00pm W']"
Cynthia,Riggs,CynthiaRiggs@email.com,"['6:00-7:00pm T', '6:00-7:00pm W', '6:00-7:00pm Sun', '6:00-7:00pm M', '7:00-8:00pm M', '7:00-8:00pm T']"
Patricia,Doubet,PatriciaDoubet@email.com,"['7:00-8:00pm M', '5:00-6:00pm Th', '5:00-6:00pm M', '5:00-6:00pm T']"
Michael,Mysak,MichaelMysak@email.com,"['8:00-9:00pm M', '6:00-7:00pm Sun', '7:00-8:00pm W', '8:00-9:00pm W', '6:00-7:00pm F']"
Maria,Williams,MariaWilliams@email.com,"['7:00-8:00pm Sun', '6:00-7:00pm Th', '4:00-5:00pm Sun', '5:00-6:00pm T', '3:00-4:00pm Sun', '7:00-8:00pm M']"
Robert,Corum,RobertCorum@email.com,"['8:00-9:00pm M', '6:00-7:00pm Sun', '6:00-7:00pm Th', '6:00-7:00pm M']"
David,Hicks,DavidHicks@email.com,"['7:00-8:00pm F', '7:00-8:00pm Sun', '6:00-7:00pm W', '6:00-7:00pm Th', '7:00-8:00pm M']"
Charlene,Chambers,CharleneChambers@email.com,"['6:00-7:00pm M', '8:00-9:00pm Sun', '6:00-7:00pm Th', '6:00-7:00pm F', '4:00-5:00pm Sun']"
Tanesha,Dawson,TaneshaDawson@email.com,"['5:00-6:00pm F', '5:00-6:00pm W', '7:00-8:00pm W', '5:00-6:00pm Th']"
Robert,Campbell,RobertCampbell@email.com,"['7:00-8:00pm F', '5:00-6:00pm T', '7:00-8:00pm Th']"
Sheena,Hernandez,SheenaHernandez@email.com,"['7:00-8:00pm Th', '8:00-9:00pm M', '6:00-7:00pm W', '5:00-6:00pm W', '5:00-6:00pm Th', '7:00-8:00pm M']"
Michael,Cummings,MichaelCummings@email.com,"['8:00-9:00pm Sun', '8:00-9:00pm F', '7:00-8:00pm Th', '7:00-8:00pm F', '5:00-6:00pm Th']"
David,Strickland,DavidStrickland@email.com,"['5:00-6:00pm M', '5:00-6:00pm Sun', '6:00-7:00pm Th', '6:00-7:00pm F']"
Karen,Mclean,KarenMclean@email.com,"['7:00-8:00pm F', '3:00-4:00pm Sun', '6:00-7:00pm W', '5:00-6:00pm Th']"
Brian,Roger,BrianRoger@email.com,"['5:00-6:00pm Sun', '6:00-7:00pm F', '6:00-7:00pm W', '7:00-8:00pm Th', '5:00-6:00pm W', '8:00-9:00pm Sun']"
Robin,Williams,RobinWilliams@email.com,"['8:00-9:00pm Th', '8:00-9:00pm W', '7:00-8:00pm M', '6:00-7:00pm Th']"
Darryl,Anderson,DarrylAnderson@email.com,"['8:00-9:00pm F', '7:00-8:00pm M', '6:00-7:00pm Sun', '6:00-7:00pm T', '8:00-9:00pm Th']"
Perry,Pauley,PerryPauley@email.com,"['7:00-8:00pm T', '7:00-8:00pm Th', '5:00-6:00pm Th', '8:00-9:00pm Th', '5:00-6:00pm Sun', '4:00-5:00pm Sun']"
Elda,Beale,EldaBeale@email.com,"['7:00-8:00pm Th', '8:00-9:00pm T', '5:00-6:00pm W', '3:00-4:00pm Sun', '5:00-6:00pm Th']"
Donald,Mcneely,DonaldMcneely@email.com,"['7:00-8:00pm M', '5:00-6:00pm Th', '5:00-6:00pm M', '7:00-8:00pm Sun', '5:00-6:00pm Sun', '8:00-9:00pm F']"
David,Honea,DavidHonea@email.com,"['5:00-6:00pm Th', '7:00-8:00pm Th', '7:00-8:00pm Sun']"
Thomas,Andrews,ThomasAndrews@email.com,"['8:00-9:00pm W', '7:00-8:00pm F', '8:00-9:00pm T', '5:00-6:00pm W', '5:00-6:00pm F', '5:00-6:00pm Th']"
Clark,Herrara,ClarkHerrara@email.com,"['5:00-6:00pm W', '5:00-6:00pm Th', '6:00-7:00pm T', '3:00-4:00pm Sun']"
John,Rodriguez,JohnRodriguez@email.com,"['7:00-8:00pm M', '5:00-6:00pm Th', '5:00-6:00pm T']"
Joyce,Mckinney,JoyceMckinney@email.com,"['5:00-6:00pm Sun', '5:00-6:00pm T', '5:00-6:00pm M', '6:00-7:00pm M', '6:00-7:00pm F']"
Roger,Sadberry,RogerSadberry@email.com,"['6:00-7:00pm F', '8:00-9:00pm Sun', '5:00-6:00pm M', '6:00-7:00pm Sun', '5:00-6:00pm Th', '6:00-7:00pm Th']"
Linda,Dusenbery,LindaDusenbery@email.com,"['6:00-7:00pm Sun', '7:00-8:00pm W', '8:00-9:00pm M', '6:00-7:00pm T']"
Nicole,Eddy,NicoleEddy@email.com,"['5:00-6:00pm F', '3:00-4:00pm Sun', '5:00-6:00pm M', '6:00-7:00pm T', '4:00-5:00pm Sun', '5:00-6:00pm Th']"
Larry,Cruz,LarryCruz@email.com,"['3:00-4:00pm Sun', '5:00-6:00pm Sun', '7:00-8:00pm M']"
Myrtle,Gutknecht,MyrtleGutknecht@email.com,"['5:00-6:00pm Sun', '7:00-8:00pm Th', '3:00-4:00pm Sun', '5:00-6:00pm T', '6:00-7:00pm M']"
Kelly,Lucas,KellyLucas@email.com,"['6:00-7:00pm T', '5:00-6:00pm F', '5:00-6:00pm Sun', '5:00-6:00pm W', '8:00-9:00pm T']"
Fred,Bohanon,FredBohanon@email.com,"['6:00-7:00pm Sun', '6:00-7:00pm F', '5:00-6:00pm Th', '8:00-9:00pm Sun']"
Karen,Garcia,KarenGarcia@email.com,"['5:00-6:00pm M', '5:00-6:00pm T', '7:00-8:00pm T']"
Catherine,Rodgers,CatherineRodgers@email.com,"['5:00-6:00pm Sun', '6:00-7:00pm Sun', '7:00-8:00pm Sun', '7:00-8:00pm Th', '5:00-6:00pm Th']"
Maria,Alzugaray,MariaAlzugaray@email.com,"['7:00-8:00pm Th', '3:00-4:00pm Sun', '8:00-9:00pm T', '7:00-8:00pm Sun']"
Laura,Connaughton,LauraConnaughton@email.com,"['7:00-8:00pm F', '6:00-7:00pm Sun', '6:00-7:00pm W']"
Cynthia,Carroll,CynthiaCarroll@email.com,"['8:00-9:00pm Sun', '7:00-8:00pm F', '8:00-9:00pm T', '7:00-8:00pm M']"
Anne,Ball,AnneBall@email.com,"['7:00-8:00pm F', '7:00-8:00pm M', '5:00-6:00pm M', '8:00-9:00pm Sun']"
Geneva,Gorby,GenevaGorby@email.com,"['5:00-6:00pm T', '8:00-9:00pm F', '3:00-4:00pm Sun', '6:00-7:00pm T', '5:00-6:00pm Th', '8:00-9:00pm W']"
Emerson,Wilde,EmersonWilde@email.com,"['7:00-8:00pm T', '5:00-6:00pm Th', '6:00-7:00pm Sun', '5:00-6:00pm F', '6:00-7:00pm Th']"
Sam,Spies,SamSpies@email.com,"['5:00-6:00pm Sun', '3:00-4:00pm Sun', '5:00-6:00pm F', '7:00-8:00pm F', '6:00-7:00pm T']"
Pamela,Poe,PamelaPoe@email.com,"['6:00-7:00pm W', '7:00-8:00pm M', '7:00-8:00pm W', '8:00-9:00pm Th']"
John,Bright,JohnBright@email.com,"['7:00-8:00pm T', '5:00-6:00pm F', '8:00-9:00pm W', '8:00-9:00pm M', '7:00-8:00pm M']"
Thomas,Simpson,ThomasSimpson@email.com,"['6:00-7:00pm W', '8:00-9:00pm Th', '6:00-7:00pm F', '7:00-8:00pm Sun']"
Rebecca,Estes,RebeccaEstes@email.com,"['6:00-7:00pm M', '3:00-4:00pm Sun', '6:00-7:00pm Th', '8:00-9:00pm Sun']"
Rena,Wise,RenaWise@email.com,"['7:00-8:00pm F', '4:00-5:00pm Sun', '8:00-9:00pm Sun']"
Joseph,Osborne,JosephOsborne@email.com,"['5:00-6:00pm F', '7:00-8:00pm M', '5:00-6:00pm T', '7:00-8:00pm W', '8:00-9:00pm Sun']"
Adam,Sullivan,AdamSullivan@email.com,"['6:00-7:00pm W', '5:00-6:00pm Sun', '5:00-6:00pm Th', '5:00-6:00pm M']"
Luther,Williams,LutherWilliams@email.com,"['4:00-5:00pm Sun', '7:00-8:00pm W', '7:00-8:00pm Sun']"
Charles,Kupper,CharlesKupper@email.com,"['6:00-7:00pm F', '7:00-8:00pm F', '4:00-5:00pm Sun']"
Jill,Walker,JillWalker@email.com,"['7:00-8:00pm F', '6:00-7:00pm Th', '7:00-8:00pm T', '5:00-6:00pm M', '4:00-5:00pm Sun', '7:00-8:00pm W']"
Sheena,Huffman,SheenaHuffman@email.com,"['8:00-9:00pm Th', '7:00-8:00pm Sun', '8:00-9:00pm Sun', '4:00-5:00pm Sun', '6:00-7:00pm F', '8:00-9:00pm M']"
Andrea,Buckner,AndreaBuckner@email.com,"['7:00-8:00pm T', '8:00-9:00pm Sun', '7:00-8:00pm F', '6:00-7:00pm M', '6:00-7:00pm W']"
Barbara,Herriott,BarbaraHerriott@email.com,"['5:00-6:00pm T', '3:00-4:00pm Sun', '6:00-7:00pm M', '6:00-7:00pm W', '5:00-6:00pm W', '7:00-8:00pm Sun']"
Agnes,Moses,AgnesMoses@email.com,"['8:00-9:00pm M', '5:00-6:00pm M', '8:00-9:00pm F', '7:00-8:00pm Sun', '5:00-6:00pm T']"
Cora,Jones,CoraJones@email.com,"['6:00-7:00pm M', '8:00-9:00pm F', '3:00-4:00pm Sun']"
Janet,Worthey,JanetWorthey@email.com,"['8:00-9:00pm F', '5:00-6:00pm M', '5:00-6:00pm Sun']"
Zelda,Harrison,ZeldaHarrison@email.com,"['6:00-7:00pm Th', '7:00-8:00pm Th', '5:00-6:00pm M']"
Carol,Dunn,CarolDunn@email.com,"['5:00-6:00pm M', '8:00-9:00pm F', '7:00-8:00pm Th', '7:00-8:00pm T', '6:00-7:00pm W', '6:00-7:00pm Th']"
Amy,Thomas,AmyThomas@email.com,"['7:00-8:00pm Sun', '8:00-9:00pm M', '5:00-6:00pm F', '5:00-6:00pm T']"
Brenda,Marlowe,BrendaMarlowe@email.com,"['5:00-6:00pm Sun', '5:00-6:00pm M', '4:00-5:00pm Sun', '8:00-9:00pm T']"
Daniel,Resner,DanielResner@email.com,"['8:00-9:00pm M', '5:00-6:00pm W', '8:00-9:00pm W', '4:00-5:00pm Sun']"
Charles,Hawkins,CharlesHawkins@email.com,"['5:00-6:00pm T', '6:00-7:00pm Th', '3:00-4:00pm Sun', '6:00-7:00pm F', '7:00-8:00pm T', '7:00-8:00pm Th']"
James,Benet,JamesBenet@email.com,"['8:00-9:00pm F', '5:00-6:00pm M', '7:00-8:00pm W', '6:00-7:00pm Th', '4:00-5:00pm Sun']"
Evette,Ross,EvetteRoss@email.com,"['7:00-8:00pm Th', '7:00-8:00pm M', '8:00-9:00pm Th', '7:00-8:00pm F', '7:00-8:00pm Sun']"
Tyler,Mcknight,TylerMcknight@email.com,"['5:00-6:00pm Th', '5:00-6:00pm W', '7:00-8:00pm Th', '3:00-4:00pm Sun', '8:00-9:00pm M', '8:00-9:00pm F']"
Paulette,Zelkind,PauletteZelkind@email.com,"['7:00-8:00pm F', '8:00-9:00pm F', '7:00-8:00pm W', '6:00-7:00pm F']"
Richard,Landi,RichardLandi@email.com,"['5:00-6:00pm M', '5:00-6:00pm Sun', '5:00-6:00pm Th', '5:00-6:00pm W', '6:00-7:00pm M', '7:00-8:00pm W']"
Sherman,Miller,ShermanMiller@email.com,"['4:00-5:00pm Sun', '6:00-7:00pm Sun', '5:00-6:00pm T']"
Marion,Gietz,MarionGietz@email.com,"['5:00-6:00pm Th', '8:00-9:00pm Sun', '8:00-9:00pm Th', '6:00-7:00pm F', '5:00-6:00pm F', '7:00-8:00pm Th']"
Thomas,Hagerty,ThomasHagerty@email.com,"['6:00-7:00pm Sun', '5:00-6:00pm Th', '8:00-9:00pm Th']"
Maria,Miles,MariaMiles@email.com,"['6:00-7:00pm F', '5:00-6:00pm W', '8:00-9:00pm W', '6:00-7:00pm W', '5:00-6:00pm Th', '8:00-9:00pm M']"
Gary,Beck,GaryBeck@email.com,"['7:00-8:00pm Th', '7:00-8:00pm F', '8:00-9:00pm Sun', '7:00-8:00pm M']"
Christine,Hogg,ChristineHogg@email.com,"['6:00-7:00pm Th', '7:00-8:00pm Th', '7:00-8:00pm M']"
Judy,Bates,JudyBates@email.com,"['5:00-6:00pm Sun', '8:00-9:00pm W', '7:00-8:00pm Sun']"
Edward,Britt,EdwardBritt@email.com,"['8:00-9:00pm F', '7:00-8:00pm Sun', '8:00-9:00pm Sun', '5:00-6:00pm Th', '7:00-8:00pm T', '7:00-8:00pm Th']"
Brittany,Clark,BrittanyClark@email.com,"['8:00-9:00pm Th', '5:00-6:00pm F', '5:00-6:00pm T']"
Darla,Morgan,DarlaMorgan@email.com,"['7:00-8:00pm Sun', '3:00-4:00pm Sun', '7:00-8:00pm F']"
Brian,Garcia,BrianGarcia@email.com,"['8:00-9:00pm T', '6:00-7:00pm T', '5:00-6:00pm F', '8:00-9:00pm Sun', '3:00-4:00pm Sun']"
Maria,Cabrera,MariaCabrera@email.com,"['4:00-5:00pm Sun', '5:00-6:00pm Th', '5:00-6:00pm T', '8:00-9:00pm Th', '6:00-7:00pm W']"
Martha,Shofner,MarthaShofner@email.com,"['6:00-7:00pm F', '7:00-8:00pm W', '5:00-6:00pm Sun', '8:00-9:00pm T', '6:00-7:00pm M', '4:00-5:00pm Sun']"
Karen,Harris,KarenHarris@email.com,"['7:00-8:00pm T', '6:00-7:00pm F', '6:00-7:00pm W']"
Marlene,White,MarleneWhite@email.com,"['8:00-9:00pm M', '7:00-8:00pm Th', '5:00-6:00pm Th', '5:00-6:00pm F']"
Jacqueline,Kleven,JacquelineKleven@email.com,"['7:00-8:00pm F', '6:00-7:00pm M', '5:00-6:00pm W']"
Kelly,Bolstad,KellyBolstad@email.com,"['6:00-7:00pm Th', '5:00-6:00pm M', '6:00-7:00pm F', '7:00-8:00pm Sun', '8:00-9:00pm Th', '5:00-6:00pm T']"
Stanley,Darr,StanleyDarr@email.com,"['8:00-9:00pm F', '3:00-4:00pm Sun', '7:00-8:00pm Sun', '7:00-8:00pm M', '6:00-7:00pm W']"
Joyce,Lalinde,JoyceLalinde@email.com,"['7:00-8:00pm W', '8:00-9:00pm T', '5:00-6:00pm W', '3:00-4:00pm Sun']"
Leigh,Dacus,LeighDacus@email.com,"['8:00-9:00pm T', '8:00-9:00pm Sun', '5:00-6:00pm F']"
George,Moore,GeorgeMoore@email.com,"['6:00-7:00pm Th', '6:00-7:00pm Sun', '7:00-8:00pm Th', '7:00-8:00pm T']"
James,Wakefield,JamesWakefield@email.com,"['7:00-8:00pm Sun', '4:00-5:00pm Sun', '7:00-8:00pm Th', '6:00-7:00pm Th', '6:00-7:00pm M', '7:00-8:00pm T']"
Rachel,Foster,RachelFoster@email.com,"['6:00-7:00pm T', '5:00-6:00pm M', '6:00-7:00pm M', '5:00-6:00pm W', '7:00-8:00pm M']"
Charlotte,Caldwell,CharlotteCaldwell@email.com,"['7:00-8:00pm F', '5:00-6:00pm Sun', '5:00-6:00pm W', '5:00-6:00pm T', '6:00-7:00pm Th', '3:00-4:00pm Sun']"
Thomas,Marquardt,ThomasMarquardt@email.com,"['7:00-8:00pm Th', '7:00-8:00pm F', '5:00-6:00pm T', '6:00-7:00pm W', '5:00-6:00pm M']"
Kelly,Beatty,KellyBeatty@email.com,"['8:00-9:00pm Sun', '8:00-9:00pm W', '7:00-8:00pm Sun']"
Juan,Asbell,JuanAsbell@email.com,"['6:00-7:00pm F', '6:00-7:00pm T', '6:00-7:00pm W', '5:00-6:00pm M']"
Mary,Brown,MaryBrown@email.com,"['5:00-6:00pm W', '5:00-6:00pm F', '5:00-6:00pm M', '5:00-6:00pm Th']"
Jane,Morris,JaneMorris@email.com,"['6:00-7:00pm F', '7:00-8:00pm Sun', '7:00-8:00pm T', '5:00-6:00pm M']"
Amy,Pugh,AmyPugh@email.com,"['5:00-6:00pm W', '5:00-6:00pm F', '6:00-7:00pm M', '7:00-8:00pm M']"
Annie,Reamer,AnnieReamer@email.com,"['8:00-9:00pm F', '8:00-9:00pm Sun', '7:00-8:00pm T', '6:00-7:00pm F', '4:00-5:00pm Sun', '6:00-7:00pm Th']"
Kenneth,Gary,KennethGary@email.com,"['5:00-6:00pm M', '6:00-7:00pm W', '5:00-6:00pm T', '5:00-6:00pm F']"
Jessica,Bisson,JessicaBisson@email.com,"['7:00-8:00pm F', '7:00-8:00pm M', '4:00-5:00pm Sun', '8:00-9:00pm M', '6:00-7:00pm W', '8:00-9:00pm Sun']"
Joann,Lau,JoannLau@email.com,"['7:00-8:00pm T', '7:00-8:00pm Th', '5:00-6:00pm W', '6:00-7:00pm Th', '5:00-6:00pm Th']"
James,Ruiz,JamesRuiz@email.com,"['8:00-9:00pm Th', '7:00-8:00pm Th', '6:00-7:00pm Sun']"
Margaret,Goodman,MargaretGoodman@email.com,"['6:00-7:00pm F', '7:00-8:00pm T', '5:00-6:00pm T', '7:00-8:00pm W']"
Jeff,Brown,JeffBrown@email.com,"['6:00-7:00pm Sun', '7:00-8:00pm F', '8:00-9:00pm W']"
Kathleen,Wright,KathleenWright@email.com,"['5:00-6:00pm M', '6:00-7:00pm Sun', '5:00-6:00pm Th', '6:00-7:00pm Th']"
Roger,Weaver,RogerWeaver@email.com,"['8:00-9:00pm Th', '6:00-7:00pm W', '7:00-8:00pm Sun', '5:00-6:00pm Th', '7:00-8:00pm M', '6:00-7:00pm Sun']"
Rose,Byrd,RoseByrd@email.com,"['5:00-6:00pm W', '8:00-9:00pm M', '8:00-9:00pm F', '6:00-7:00pm Sun', '7:00-8:00pm T', '5:00-6:00pm Th']"
